date,z1sahoor,z2sahoor,z3sahoor,z4sahoor,z5sahoor,z6sahoor,z7sahoor,z8sahoor,z9sahoor,z10sahoor,z11sahoor,z12sahoor,z13sahoor
2026-10-01,04:30 AM,04:30 AM,04:30 AM,04:30 AM,04:30 AM,04:30 AM,04:30 AM,04:30 AM,04:30 AM,04:30 AM,04:30 AM,04:30 AM,04:30 AM
2026-10-02,04:30 AM,04:30 AM,04:30 AM,04:30 AM,04:30 AM,04:30 AM,04:30 AM,04:30 AM,04:30 AM,04:30 AM,04:30 AM,04:30 AM,04:30 AM
2026-10-03,04:30 AM,04:30 AM,04:30 AM,04:30 AM,04:30 AM,04:30 AM,04:30 AM,04:30 AM,04:30 AM,04:30 AM,04:30 AM,04:30 AM,04:30 AM
2026-10-04,04:30 AM,04:30 AM,04:30 AM,04:30 AM,04:30 AM,04:30 AM,04:30 AM,04:30 AM,04:30 AM,04:30 AM,04:30 AM,04:30 AM,04:30 AM
2026-10-05,04:30 AM,04:30 AM,04:30 AM,04:30 AM,04:30 AM,04:30 AM,04:30 AM,04:30 AM,04:30 AM,04:30 AM,04:30 AM,04:30 AM,04:30 AM
2026-10-06,04:30 AM,04:30 AM,04:30 AM,04:30 AM,04:30 AM,04:30 AM,04:30 AM,04:30 AM,04:30 AM,04:30 AM,04:30 AM,04:30 AM,04:30 AM
2026-10-07,04:30 AM,04:30 AM,04:30 AM,04:30 AM,04:30 AM,04:30 AM,04:30 AM,04:30 AM,04:30 AM,04:30 AM,04:30 AM,04:30 AM,04:30 AM
2026-10-08,04:30 AM,04:30 AM,04:30 AM,04:30 AM,04:30 AM,04:30 AM,04:30 AM,04:30 AM,04:30 AM,04:30 AM,04:30 AM,04:30 AM,04:30 AM
2026-10-09,04:30 AM,04:30 AM,04:30 AM,04:30 AM,04:30 AM,04:30 AM,04:30 AM,04:30 AM,04:30 AM,04:30 AM,04:30 AM,04:30 AM,04:30 AM
2026-10-10,04:30 AM,04:30 AM,04:30 AM,04:30 AM,04:30 AM,04:30 AM,04:30 AM,04:30 AM,04:30 AM,04:30 AM,04:30 AM,04:30 AM,04:30 AM
2026-10-11,04:30 AM,04:30 AM,04:30 AM,04:30 AM,04:30 AM,04:30 AM,04:30 AM,04:30 AM,04:30 AM,04:30 AM,04:30 AM,04:30 AM,04:30 AM
2026-10-12,04:30 AM,04:30 AM,04:30 AM,04:30 AM,04:30 AM,04:30 AM,04:30 AM,04:30 AM,04:30 AM,04:30 AM,04:30 AM,04:30 AM,04:30 AM
2026-10-13,04:30 AM,04:30 AM,04:30 AM,04:30 AM,04:30 AM,04:30 AM,04:30 AM,04:30 AM,04:30 AM,04:30 AM,04:30 AM,04:30 AM,04:30 AM
2026-10-14,04:30 AM,04:30 AM,04:30 AM,04:30 AM,04:30 AM,04:30 AM,04:30 AM,04:30 AM,04:30 AM,04:30 AM,04:30 AM,04:30 AM,04:30 AM
2026-10-15,04:30 AM,04:30 AM,04:30 AM,04:30 AM,04:30 AM,04:30 AM,04:30 AM,04:30 AM,04:30 AM,04:30 AM,04:30 AM,04:30 AM,04:30 AM
2026-10-16,04:30 AM,04:30 AM,04:30 AM,04:30 AM,04:30 AM,04:30 AM,04:30 AM,04:30 AM,04:30 AM,04:30 AM,04:30 AM,04:30 AM,04:30 AM
2026-10-17,04:30 AM,04:30 AM,04:30 AM,04:30 AM,04:30 AM,04:30 AM,04:30 AM,04:30 AM,04:30 AM,04:30 AM,04:30 AM,04:30 AM,04:30 AM
2026-10-18,04:30 AM,04:30 AM,04:30 AM,04:30 AM,04:30 AM,04:30 AM,04:30 AM,04:30 AM,04:30 AM,04:30 AM,04:30 AM,04:30 AM,04:30 AM
2026-10-19,04:30 AM,04:30 AM,04:30 AM,04:30 AM,04:30 AM,04:30 AM,04:30 AM,04:30 AM,04:30 AM,04:30 AM,04:30 AM,04:30 AM,04:30 AM
2026-10-20,04:30 AM,04:30 AM,04:30 AM,04:30 AM,04:30 AM,04:30 AM,04:30 AM,04:30 AM,04:30 AM,04:30 AM,04:30 AM,04:30 AM,04:30 AM
2026-10-21,04:30 AM,04:30 AM,04:30 AM,04:30 AM,04:30 AM,04:30 AM,04:30 AM,04:30 AM,04:30 AM,04:30 AM,04:30 AM,04:30 AM,04:30 AM
2026-10-22,04:30 AM,04:30 AM,04:30 AM,04:30 AM,04:30 AM,04:30 AM,04:30 AM,04:30 AM,04:30 AM,04:30 AM,04:30 AM,04:30 AM,04:30 AM
2026-10-23,04:30 AM,04:30 AM,04:30 AM,04:30 AM,04:30 AM,04:30 AM,04:30 AM,04:30 AM,04:30 AM,04:30 AM,04:30 AM,04:30 AM,04:30 AM
2026-10-24,04:30 AM,04:30 AM,04:30 AM,04:30 AM,04:30 AM,04:30 AM,04:30 AM,04:30 AM,04:30 AM,04:30 AM,04:30 AM,04:30 AM,04:30 AM
2026-10-25,04:30 AM,04:30 AM,04:30 AM,04:30 AM,04:30 AM,04:30 AM,04:30 AM,04:30 AM,04:30 AM,04:30 AM,04:30 AM,04:30 AM,04:30 AM
2026-10-26,04:30 AM,04:30 AM,04:30 AM,04:30 AM,04:30 AM,04:30 AM,04:30 AM,04:30 AM,04:30 AM,04:30 AM,04:30 AM,04:30 AM,04:30 AM
2026-10-27,04:30 AM,04:30 AM,04:30 AM,04:30 AM,04:30 AM,04:30 AM,04:30 AM,04:30 AM,04:30 AM,04:30 AM,04:30 AM,04:30 AM,04:30 AM
2026-10-28,04:30 AM,04:30 AM,04:30 AM,04:30 AM,04:30 AM,04:30 AM,04:30 AM,04:30 AM,04:30 AM,04:30 AM,04:30 AM,04:30 AM,04:30 AM
2026-10-29,04:30 AM,04:30 AM,04:30 AM,04:30 AM,04:30 AM,04:30 AM,04:30 AM,04:30 AM,04:30 AM,04:30 AM,04:30 AM,04:30 AM,04:30 AM
2026-10-30,04:30 AM,04:30 AM,04:30 AM,04:30 AM,04:30 AM,04:30 AM,04:30 AM,04:30 AM,04:30 AM,04:30 AM,04:30 AM,04:30 AM,04:30 AM
2026-10-31,04:30 AM,04:30 AM,04:30 AM,04:30 AM,04:30 AM,04:30 AM,04:30 AM,04:30 AM,04:30 AM,04:30 AM,04:30 AM,04:30 AM,04:30 AM
